<?xml version="1.0" encoding="utf-8"?>
<!DOCTYPE install PUBLIC "-//Joomla! 2.5//DTD template 1.0//EN" "https://www.joomla.org/xml/dtd/1.6/template-install.dtd">
<extension version="3.1" type="template" client="site">
	<name>party-event</name>
	<creationDate>24 DEC 2020</creationDate>
	<author>niraj Radtke</author>
	<authorEmail>a.radtke@derauftritt.de</authorEmail>
	<authorUrl>http://www.der-auftritt.de</authorUrl>
	<copyright>Copyright (C) 2005 - 2019 Open Source Matters, Inc. All rights reserved.</copyright>
	<license>GNU General Public License version 2 or later; see LICENSE.txt</license>
	<version>3.1.0</version>
	<description> thi is party-event template</description>

	<files>
		<folder>css</folder>
		<folder>images</folder>
		<folder>js</folder>
		<folder>font</folder>
		<filename>index.php</filename>
        
        <filename>templateDetails.xml</filename>
		
	</files>

	<positions>
		<position>rights</position>
		<position>menu</position>
		<position>showcase</position>
		<position>logoheader</position>
		<position>position-10</position>
		<position>position-2</position>
		<position>position-7</position>
		<position>footer-right</position>
		<position>footer-left</position>
		
	</positions>

	<!-- 	For core templates, we also install/uninstall the language files in the core language folders.
	-->
	<languages folder="language">
		<language tag="en-GB">en-GB/en-GB.tpl_beez3.ini</language>
		<language tag="en-GB">en-GB/en-GB.tpl_beez3.sys.ini</language>
	</languages>

	<config>
		<fields name="params">
			<fieldset name="advanced">
			<field 
					name="wrapperSmall"  
					type="number" 
					label="TPL_BEEZ3_FIELD_WRAPPERSMALL_LABEL"
					description="TPL_BEEZ3_FIELD_WRAPPERSMALL_DESC"
					class="validate-numeric" 
					default="53"
					filter="integer"
				/>

				<field 
					name="wrapperLarge"  
					type="number" 
					label="TPL_BEEZ3_FIELD_WRAPPERLARGE_LABEL"
					description="TPL_BEEZ3_FIELD_WRAPPERLARGE_DESC"
					class="validate-numeric" 
					default="72"
					filter="integer"
				 />

				<field 
					name="logo"
					type="media"
					label="TPL_BEEZ3_FIELD_LOGO_LABEL" 
					description="TPL_BEEZ3_FIELD_LOGO_DESC" 
				/>

				<field 
					name="sitetitle"  
					type="text" 
					label="TPL_BEEZ3_FIELD_SITETITLE_LABEL"
					description="TPL_BEEZ3_FIELD_SITETITLE_DESC"
					default=""
					filter="string" 
				/>

				<field 
					name="sitedescription"  
					type="text" 
					label="TPL_BEEZ3_FIELD_DESCRIPTION_LABEL"
					description="TPL_BEEZ3_FIELD_DESCRIPTION_DESC"
					default=""
					filter="string" 
				/>

				<field 
					name="navposition" 
					type="list" 
					label="TPL_BEEZ3_FIELD_NAVPOSITION_LABEL"
					description="TPL_BEEZ3_FIELD_NAVPOSITION_DESC"
					default="center"
					filter="word"
					>
					<option value="center">TPL_BEEZ3_OPTION_AFTER_CONTENT</option>
					<option value="left">TPL_BEEZ3_OPTION_BEFORE_CONTENT</option>
				</field>

				<field 
					name="bootstrap" 
					type="textarea"
					label="TPL_BEEZ3_FIELD_BOOTSTRAP_LABEL"
					description="TPL_BEEZ3_FIELD_BOOTSTRAP_DESC"
					rows="4" 
					columns="30"
				/>

				<field
					name="templatecolor" 
					type="list" 
					label="TPL_BEEZ3_FIELD_TEMPLATECOLOR_LABEL"
					description="TPL_BEEZ3_FIELD_TEMPLATECOLOR_DESC"
					default="nature"
					filter="word"
					>
					<option value="nature">TPL_BEEZ3_OPTION_NATURE</option>
					<option value="personal">TPL_BEEZ3_OPTION_PERSONAL</option>
					<option value="red">TPL_BEEZ3_OPTION_RED</option>
					<option value="turq">TPL_BEEZ3_OPTION_TURQ</option>
					<option value="image">TPL_BEEZ3_OPTION_IMAGE</option>
				</field>

				<field 
					name="headerImage" 
					type="media"
					label="TPL_BEEZ3_FIELD_HEADER_IMAGE_LABEL" 
					description="TPL_BEEZ3_FIELD_HEADER_IMAGE_DESC" 
					showon="templatecolor:image" 
				/>

				<field 
					name="backgroundcolor" 
					type="color" 
					label="TPL_BEEZ3_FIELD_HEADER_BACKGROUND_COLOR_LABEL"
					description="TPL_BEEZ3_FIELD_HEADER_BACKGROUND_COLOR_DESC"
					default="#eee"
					showon="templatecolor:image" 
				/>

			
			</fieldset>
		</fields>
	</config>
</extension>
